Model,Params,Size_MB
DeiT,21667589,82.65529251098633
Swin,27523199,104.99267196655273
